"Parameter","median","lCI","uCI"
"B[1, 1]",0,0,0
"B[2, 1]",0,0,0
"B[3, 1]",0,0,0
"B[4, 1]",0,0,0
"B[5, 1]",0,0,0
"B[1, 2]",0,0,0
"B[2, 2]",6,2,13
"B[3, 2]",16,9,28
"B[4, 2]",23,13,39
"B[5, 2]",21,11,46
"B[1, 3]",0,0,0
"B[2, 3]",15,7,28
"B[3, 3]",6,2,11
"B[4, 3]",10,5,17
"B[5, 3]",23,13,50
"B[1, 4]",0,0,0
"B[2, 4]",13,5,24
"B[3, 4]",9,4,18
"B[4, 4]",2,0,6
"B[5, 4]",17,8,43
"B[1, 5]",0,0,0
"B[2, 5]",35,20,58
"B[3, 5]",14,7,24
"B[4, 5]",7,2,13
"B[5, 5]",13,6,40
"B[1, 6]",0,0,0
"B[2, 6]",8,2,19
"B[3, 6]",18,9,32
"B[4, 6]",7,2,14
"B[5, 6]",12,5,33
"B[1, 7]",0,0,0
"B[2, 7]",9,3,17
"B[3, 7]",7,3,14
"B[4, 7]",12,6,21
"B[5, 7]",13,6,32
"B[1, 8]",0,0,0
"B[2, 8]",88,57,134
"B[3, 8]",11,6,20
"B[4, 8]",6,2,12
"B[5, 8]",17,9,39
"B[1, 9]",0,0,0
"B[2, 9]",122,78,192
"B[3, 9]",51,30,82
"B[4, 9]",7,3,13
"B[5, 9]",17,9,36
"B[1, 10]",0,0,0
"B[2, 10]",9,2,22
"B[3, 10]",33,16,61
"B[4, 10]",17,7,32
"B[5, 10]",12,5,27
"B[1, 11]",0,0,0
"B[2, 11]",6,1,16
"B[3, 11]",11,4,24
"B[4, 11]",30,16,50
"B[5, 11]",22,11,42
"B[1, 12]",0,0,0
"B[2, 12]",38,18,66
"B[3, 12]",7,2,16
"B[4, 12]",9,3,19
"B[5, 12]",38,22,68
"B[1, 13]",0,0,0
"B[2, 13]",70,36,121
"B[3, 13]",27,13,48
"B[4, 13]",4,0,11
"B[5, 13]",30,14,62
"B[1, 14]",0,0,0
"B[2, 14]",20,7,48
"B[3, 14]",46,22,83
"B[4, 14]",15,5,29
"B[5, 14]",20,7,49
"B[1, 15]",0,0,0
"B[2, 15]",12,3,32
"B[3, 15]",21,10,42
"B[4, 15]",38,19,67
"B[5, 15]",26,11,56
"B[1, 16]",0,0,0
"B[2, 16]",33,13,70
"B[3, 16]",9,2,23
"B[4, 16]",14,6,27
"B[5, 16]",44,27,77
"B[1, 17]",0,0,0
"B[2, 17]",20,8,44
"B[3, 17]",10,3,31
"B[4, 17]",3,0,10
"B[5, 17]",23,11,52
"B[1, 18]",0,0,0
"B[2, 18]",9,2,23
"B[3, 18]",14,4,32
"B[4, 18]",6,1,19
"B[5, 18]",15,6,43
"B[1, 19]",0,0,0
"B[2, 19]",10,1,35
"B[3, 19]",7,1,22
"B[4, 19]",8,1,25
"B[5, 19]",13,3,41
"B.tot[1]",0,0,0
"B.tot[2]",69,50,98
"B.tot[3]",56,39,86
"B.tot[4]",43,26,72
"B.tot[5]",71,47,107
"B.tot[6]",47,31,72
"B.tot[7]",43,28,62
"B.tot[8]",125,87,179
"B.tot[9]",198,140,290
"B.tot[10]",73,42,114.125
"B.tot[11]",70,47,108
"B.tot[12]",94,62,140
"B.tot[13]",133,84,204
"B.tot[14]",104,59,171
"B.tot[15]",101,64,154
"B.tot[16]",103,68,159
"B.tot[17]",59,33,107
"B.tot[18]",46,22,88
"B.tot[19]",41,12,98
"Imm[1]",0,0,0
"Imm[2]",17,1,80
"Imm[3]",14,0,62.125
"Imm[4]",109,33,277
"Imm[5]",10,0,55
"Imm[6]",7,0,49
"Imm[7]",101,42,215
"Imm[8]",221,61,647
"Imm[9]",24,1,136
"Imm[10]",9,0,56
"Imm[11]",54,5,202.125
"Imm[12]",227,73,562
"Imm[13]",39,2,174
"Imm[14]",12,0,66
"Imm[15]",149,17,910
"Imm[16]",79,8,373
"Imm[17]",23,1,139
"Imm[18]",31,1,198.125
"Imm[19]",0,0,0
"L[1, 1]",0,0,0
"L[2, 1]",0,0,0
"L[3, 1]",0,0,0
"L[4, 1]",0,0,0
"L[5, 1]",0,0,0
"L[1, 2]",0,0,0
"L[2, 2]",12,2,29
"L[3, 2]",36,16,64
"L[4, 2]",57,29,101
"L[5, 2]",50,23,111
"L[1, 3]",0,0,0
"L[2, 3]",33,14,64
"L[3, 3]",13,3,28
"L[4, 3]",26,11,51
"L[5, 3]",59,28,126
"L[1, 4]",0,0,0
"L[2, 4]",29,9,61
"L[3, 4]",22,7,48
"L[4, 4]",7,0,20
"L[5, 4]",45,18,116
"L[1, 5]",0,0,0
"L[2, 5]",80,42,141
"L[3, 5]",34,15,63
"L[4, 5]",19,5,41
"L[5, 5]",36,13,109
"L[1, 6]",0,0,0
"L[2, 6]",16,3,40
"L[3, 6]",39,17,71
"L[4, 6]",16,4,37
"L[5, 6]",28,9,76
"L[1, 7]",0,0,0
"L[2, 7]",20,5,45
"L[3, 7]",18,5,39
"L[4, 7]",35,14,68
"L[5, 7]",36,14,89
"L[1, 8]",0,0,0
"L[2, 8]",240,148,385
"L[3, 8]",33,14,63
"L[4, 8]",19,6,42
"L[5, 8]",54,24,125
"L[1, 9]",0,0,0
"L[2, 9]",279,172,454.125
"L[3, 9]",125,70,210
"L[4, 9]",20,6,42
"L[5, 9]",44,20,96
"L[1, 10]",0,0,0
"L[2, 10]",17,3,44
"L[3, 10]",69,31,131
"L[4, 10]",40,15,80
"L[5, 10]",26,9,62
"L[1, 11]",0,0,0
"L[2, 11]",12,1,37
"L[3, 11]",26,8,60
"L[4, 11]",81,39,139
"L[5, 11]",55,25,112
"L[1, 12]",0,0,0
"L[2, 12]",82,38,153
"L[3, 12]",16,3,41
"L[4, 12]",24,7,56
"L[5, 12]",97,51,174
"L[1, 13]",0,0,0
"L[2, 13]",156,78,277
"L[3, 13]",63,28,122
"L[4, 13]",11,0,32
"L[5, 13]",77,34,159
"L[1, 14]",0,0,0
"L[2, 14]",41,12,100.125
"L[3, 14]",99,45,186
"L[4, 14]",36,11,77
"L[5, 14]",45,13,112
"L[1, 15]",0,0,0
"L[2, 15]",30,6,85
"L[3, 15]",58,24,126
"L[4, 15]",120,55,223
"L[5, 15]",77,31,168
"L[1, 16]",0,0,0
"L[2, 16]",79,28,169
"L[3, 16]",23,5,62
"L[4, 16]",39,15,82
"L[5, 16]",119,67,217
"L[1, 17]",0,0,0
"L[2, 17]",47,16,105
"L[3, 17]",26,6,80
"L[4, 17]",8,0,32
"L[5, 17]",60,26,141
"L[1, 18]",0,0,0
"L[2, 18]",19,3,54
"L[3, 18]",32,8,79
"L[4, 18]",16,3,54
"L[5, 18]",39,14,109
"L[1, 19]",0,0,0
"L[2, 19]",21,1,79
"L[3, 19]",17,1,55
"L[4, 19]",22,1,71
"L[5, 19]",34,7,108
"Mu.Psi[1]",0,0,0
"Mu.Psi[2]",0.473988928809589,0.359306919294304,0.586583166717965
"Mu.Psi[3]",0.684018766121103,0.558906694489579,0.791469616051372
"Mu.Psi[4]",0.849877546141089,0.740210892140577,0.921615597510112
"Mu.Psi[5]",0.874884238008044,0.784817150784158,0.934443074326289
"Mu.S0",0.656425135520809,0.485092733327972,0.899872797480675
"Mu.Snat[1]",0.373462360647653,0.212242122893203,0.570458885410136
"Mu.Snat[2]",0.861769220605548,0.647080685980811,0.990553754772324
"Mu.Snat[3]",0.901254751703001,0.692013187098113,0.994966722354107
"Mu.Snat[4]",0.421307871397444,0.0878776772891023,0.751928873185109
"Mu.Snat[5]",0.977803868302588,0.88308694605258,0.999264968500456
"Mu.immR",0.297963264297922,0.245515020169201,0.356299712528183
"Mu.mH[1]",0.311587397796537,0.229314207972492,0.436448913698627
"Mu.mH[2]",0.445968030376817,0.327493740858815,0.650735816460764
"Mu.mH[3]",0.525751124305586,0.351008930266671,0.839050300861877
"Mu.mH[4]",0.801047125815755,0.367803786562777,2.86325904469709
"Mu.mH[5]",0.432742657379141,0.182309814534043,0.738155694703597
"Mu.mHs[1]",0.0584922736633236,0.0339101892253309,0.11197536895494
"Mu.mHs[2]",0.0365670692523447,0.0180985172179063,0.0749480226286184
"Mu.mHs[3]",0.0776299492625919,0.0363529846535214,0.154324058918409
"Mu.mHs[4]",0.0830485040585384,0.0327957487381362,0.183298300096829
"Mu.mHs[5]",0.0342453114252475,0.0105645873077622,0.0897606219859443
"Mu.mO[1]",0.984938054228986,0.561314180394626,1.55002756691186
"Mu.mO[2]",0.14876776970376,0.00949114397555333,0.435284285231831
"Mu.mO[3]",0.103967318625873,0.00504598745548568,0.368150267097511
"Mu.mO[4]",0.864391426584701,0.285113543743551,2.43180946392831
"Mu.mO[5]",0.0224461727167765,0.000735301767771559,0.124331617476899
"Mu.rho[1]",0,0,0
"Mu.rho[2]",4.47546028761703,3.99239201157714,5.01543410022979
"Mu.rho[3]",4.80990675517137,4.26662135232194,5.43865439643966
"Mu.rho[4]",5.5116736606486,4.85863885816603,6.20787681097408
"Mu.rho[5]",5.1196150850199,4.58298731294567,5.70959133715593
"N[1, 1]",0,0,0
"N[2, 1]",0,0,0
"N[3, 1]",0,0,0
"N[4, 1]",0,0,0
"N[5, 1]",0,0,0
"N[1, 2]",107,70,164
"N[2, 2]",15,9,25
"N[3, 2]",27,18,41
"N[4, 2]",29,17,48
"N[5, 2]",26,14,54
"N[1, 3]",89,57,144
"N[2, 3]",30,20,46
"N[3, 3]",8,4,13
"N[4, 3]",11,7,19
"N[5, 3]",26,15,56
"N[1, 4]",71,39,121
"N[2, 4]",31,20,47
"N[3, 4]",15,9,25
"N[4, 4]",3,1,7
"N[5, 4]",20,10,51
"N[1, 5]",115,70,183
"N[2, 5]",57,39,87
"N[3, 5]",17,11,29
"N[4, 5]",7,3,14
"N[5, 5]",15,7,44
"N[1, 6]",69,41,110
"N[2, 6]",20,11,37
"N[3, 6]",30,19,46
"N[4, 6]",8,4,16
"N[5, 6]",14,7,40
"N[1, 7]",76,44,121
"N[2, 7]",21,13,34
"N[3, 7]",12,7,20
"N[4, 7]",15,8,25
"N[5, 7]",16,8.875,38
"N[1, 8]",233,145,364
"N[2, 8]",104,72,153
"N[3, 8]",12,7,21
"N[4, 8]",6,2,12
"N[5, 8]",18,9,40
"N[1, 9]",310,192,481
"N[2, 9]",175,122,265
"N[3, 9]",60,38,95
"N[4, 9]",8,3,14
"N[5, 9]",18,9,38
"N[1, 10]",102,54,173
"N[2, 10]",39,21,73
"N[3, 10]",81,55,123
"N[4, 10]",27,14,45
"N[5, 10]",17,10,37
"N[1, 11]",118,70,194
"N[2, 11]",16,5,34
"N[3, 11]",19,9,36
"N[4, 11]",38,22,61
"N[5, 11]",27,15,49
"N[1, 12]",149,88,244
"N[2, 12]",67,39,104
"N[3, 12]",9,3,21
"N[4, 12]",10,4,21
"N[5, 12]",42,26,74
"N[1, 13]",208,124,340.125
"N[2, 13]",152,97,242
"N[3, 13]",40,22,66
"N[4, 13]",5,1,12
"N[5, 13]",35,17,71
"N[1, 14]",151,77,255
"N[2, 14]",58,32,113
"N[3, 14]",83,50,129
"N[4, 14]",19,8,35
"N[5, 14]",24,10,61
"N[1, 15]",197,109,312
"N[2, 15]",27,9,57
"N[3, 15]",32,17,58
"N[4, 15]",46,24,79
"N[5, 15]",31,14,65
"N[1, 16]",178,111.875,279
"N[2, 16]",54,25,104
"N[3, 16]",12,4,29
"N[4, 16]",15,7,29
"N[5, 16]",48,30,84
"N[1, 17]",99,54,182
"N[2, 17]",53,28,99
"N[3, 17]",18,6,49
"N[4, 17]",4,1,13
"N[5, 17]",28,14,63
"N[1, 18]",77,37,144.125
"N[2, 18]",25,10,57
"N[3, 18]",24,8,53
"N[4, 18]",8,2,24
"N[5, 18]",19,9,52
"N[1, 19]",67,18,160
"N[2, 19]",27,5,78
"N[3, 19]",13,2,34
"N[4, 19]",11,1,31
"N[5, 19]",17,5,49
"N.tot[1]",0,0,0
"N.tot[2]",208,153,287
"N.tot[3]",167,121,246
"N.tot[4]",142,97,221
"N.tot[5]",215,150.875,316
"N.tot[6]",145,103,206
"N.tot[7]",142,100,200
"N.tot[8]",376,257,548
"N.tot[9]",576,404,826
"N.tot[10]",274,194,376
"N.tot[11]",220,152,328
"N.tot[12]",280,189,410
"N.tot[13]",446,306,644
"N.tot[14]",342,225,510.125
"N.tot[15]",338,213,493
"N.tot[16]",310,210,466
"N.tot[17]",206,126,355.125
"N.tot[18]",158,83,282
"N.tot[19]",139,44,308
"Psi[1, 1]",0,0,0
"Psi[2, 1]",0.496726985574321,0.195690301172084,0.817819413826738
"Psi[3, 1]",0.700628096767738,0.372425453139038,0.920098262170122
"Psi[4, 1]",0.86042030483844,0.584526054854553,0.969923840184372
"Psi[5, 1]",0.883343178119969,0.640799267249267,0.975599861528638
"Psi[1, 2]",0,0,0
"Psi[2, 2]",0.385838555608851,0.243731865107051,0.551636137035076
"Psi[3, 2]",0.601018715349623,0.446256950511805,0.74784311503934
"Psi[4, 2]",0.797800059422285,0.6680617191897,0.893770240199541
"Psi[5, 2]",0.82992066478123,0.702496705923307,0.916211562751933
"Psi[1, 3]",0,0,0
"Psi[2, 3]",0.523773148119948,0.366392382519919,0.70277271034332
"Psi[3, 3]",0.726101974975027,0.559176113656967,0.86429817707264
"Psi[4, 3]",0.874136039366736,0.753853057721086,0.948306471776741
"Psi[5, 3]",0.895860003875441,0.790213381544392,0.957560354553929
"Psi[1, 4]",0,0,0
"Psi[2, 4]",0.423481795477978,0.220088239865676,0.615381436161765
"Psi[3, 4]",0.636953293205572,0.403898812664693,0.801619504419435
"Psi[4, 4]",0.821460544802009,0.60666490286678,0.924948287527463
"Psi[5, 4]",0.8489675817315,0.677898833494113,0.934707143587761
"Psi[1, 5]",0,0,0
"Psi[2, 5]",0.615676249661316,0.450014765090815,0.787031580815191
"Psi[3, 5]",0.794010633418365,0.635986609103373,0.910921123713529
"Psi[4, 5]",0.910367435861946,0.802054408997588,0.967596292560239
"Psi[5, 5]",0.925965849494283,0.835979959829141,0.973190786044899
"Psi[1, 6]",0,0,0
"Psi[2, 6]",0.39563181804283,0.219617677687618,0.644355672382496
"Psi[3, 6]",0.610713675118102,0.417603012184027,0.808127592637453
"Psi[4, 6]",0.805571224212042,0.627388249733134,0.925414620939664
"Psi[5, 6]",0.835738829620246,0.678119629557231,0.94018175503442
"Psi[1, 7]",0,0,0
"Psi[2, 7]",0.390203580839807,0.231571828256823,0.579783568835033
"Psi[3, 7]",0.605522618909435,0.416029528285111,0.776350849110662
"Psi[4, 7]",0.800537484939347,0.63447877263462,0.909581726242271
"Psi[5, 7]",0.832496206084653,0.689767731490704,0.924844518224545
"Psi[1, 8]",0,0,0
"Psi[2, 8]",0.865762264433494,0.677611585039758,0.96192966380078
"Psi[3, 8]",0.939574603989298,0.811848186271966,0.986045320023734
"Psi[4, 8]",0.97612445752497,0.911283703450276,0.99506676354376
"Psi[5, 8]",0.980721226452187,0.928922724443566,0.995972955251611
"Psi[1, 9]",0,0,0
"Psi[2, 9]",0.713388097085752,0.5545361380674,0.854721988976197
"Psi[3, 9]",0.857664140958383,0.719932425412095,0.94155322073626
"Psi[4, 9]",0.940555987792082,0.856228068927453,0.979628470459269
"Psi[5, 9]",0.951334708952479,0.881560200101687,0.983367999490608
"Psi[1, 10]",0,0,0
"Psi[2, 10]",0.233255211224853,0.109768037777768,0.406239622312404
"Psi[3, 10]",0.4217829644527,0.247855862164259,0.612253182095406
"Psi[4, 10]",0.656374665920885,0.415077758448377,0.836213225077452
"Psi[5, 10]",0.702579710159853,0.488015588269947,0.852941848144535
"Psi[1, 11]",0,0,0
"Psi[2, 11]",0.379279441308113,0.197972356137948,0.601095255367425
"Psi[3, 11]",0.593927145382927,0.384416551834908,0.781681802308774
"Psi[4, 11]",0.79361194699879,0.606343527086366,0.909582976580146
"Psi[5, 11]",0.825476364084716,0.654176481782331,0.927694967011147
"Psi[1, 12]",0,0,0
"Psi[2, 12]",0.570107168383707,0.373351899350438,0.750136314922391
"Psi[3, 12]",0.76144623681548,0.567478049117335,0.8889402707789
"Psi[4, 12]",0.893370030144644,0.756133413514647,0.959294087461899
"Psi[5, 12]",0.911580333605927,0.798638593300578,0.965909091843601
"Psi[1, 13]",0,0,0
"Psi[2, 13]",0.468772832237668,0.301959737662343,0.6315068759247
"Psi[3, 13]",0.678369323453693,0.487192500961842,0.823657212739445
"Psi[4, 13]",0.846866551829736,0.67990893826789,0.934832376098591
"Psi[5, 13]",0.871792708658568,0.739066623194763,0.944067021528718
"Psi[1, 14]",0,0,0
"Psi[2, 14]",0.361930291311947,0.1830432414534,0.592659240877368
"Psi[3, 14]",0.576190044103084,0.358051229707139,0.775374586708732
"Psi[4, 14]",0.782197096115445,0.557409745378072,0.911020696981401
"Psi[5, 14]",0.815322706319113,0.616142996975639,0.928095199242341
"Psi[1, 15]",0,0,0
"Psi[2, 15]",0.452231594809517,0.253048807986939,0.722148469419926
"Psi[3, 15]",0.664057420672578,0.454427576486921,0.865547889510465
"Psi[4, 15]",0.839544481895529,0.675386249095245,0.945315382041578
"Psi[5, 15]",0.865103992602832,0.714193691561373,0.956721109791225
"Psi[1, 16]",0,0,0
"Psi[2, 16]",0.61903017392837,0.403864520691272,0.859373086296916
"Psi[3, 16]",0.796118892828109,0.607835790611656,0.938956224609826
"Psi[4, 16]",0.91277195700182,0.791640285319748,0.976219328211745
"Psi[5, 16]",0.927268727324413,0.825500786450506,0.981344571265459
"Psi[1, 17]",0,0,0
"Psi[2, 17]",0.382031784703322,0.21911682195102,0.543176525767066
"Psi[3, 17]",0.596074053381168,0.381363864199284,0.766715312826307
"Psi[4, 17]",0.795553215496869,0.580882697759931,0.908683663521339
"Psi[5, 17]",0.826634972709242,0.649142406869294,0.921965474647001
"Psi[1, 18]",0,0,0
"Psi[2, 18]",0.337707810246003,0.182396838716502,0.531386755804493
"Psi[3, 18]",0.549779840943373,0.3519092201157,0.74045953891413
"Psi[4, 18]",0.761885789785125,0.560415253249629,0.893957212450025
"Psi[5, 18]",0.798197390934848,0.631562248637224,0.906764371142616
"Psi[1, 19]",0,0,0
"Psi[2, 19]",0.375085474236704,0.150718623177105,0.636412377023177
"Psi[3, 19]",0.589102801427592,0.312738227492559,0.809763828198564
"Psi[4, 19]",0.791400852976605,0.517364715636284,0.92241925189371
"Psi[5, 19]",0.822392233395701,0.579077266738788,0.938231878835039
"R[1, 1]",0,0,0
"R[2, 1]",0,0,0
"R[3, 1]",0,0,0
"R[4, 1]",0,0,0
"R[5, 1]",0,0,0
"R[1, 2]",0,0,0
"R[2, 2]",8,1,21
"R[3, 2]",24,10,46
"R[4, 2]",39,17,70
"R[5, 2]",34,14,72
"R[1, 3]",0,0,0
"R[2, 3]",22,8,44
"R[3, 3]",8,2,20
"R[4, 3]",17,6,35
"R[5, 3]",39,18,81
"R[1, 4]",0,0,0
"R[2, 4]",19,5,42
"R[3, 4]",15,4,33
"R[4, 4]",4,0,14
"R[5, 4]",30,11,72
"R[1, 5]",0,0,0
"R[2, 5]",53,25,95
"R[3, 5]",22,8,44
"R[4, 5]",12,3,28
"R[5, 5]",24,8,67
"R[1, 6]",0,0,0
"R[2, 6]",10,2,28
"R[3, 6]",26,10,49
"R[4, 6]",11,2,25
"R[5, 6]",19,6,47
"R[1, 7]",0,0,0
"R[2, 7]",13,3,32
"R[3, 7]",12,3,28
"R[4, 7]",23,8,46
"R[5, 7]",24,9,56
"R[1, 8]",0,0,0
"R[2, 8]",157,89,265
"R[3, 8]",22,8,43
"R[4, 8]",13,3,29
"R[5, 8]",36,15,78
"R[1, 9]",0,0,0
"R[2, 9]",184,102,303
"R[3, 9]",81,41,148
"R[4, 9]",13,3,28
"R[5, 9]",29,11,61
"R[1, 10]",0,0,0
"R[2, 10]",11,1,30
"R[3, 10]",45,18,89
"R[4, 10]",26,8,55
"R[5, 10]",17,5,40
"R[1, 11]",0,0,0
"R[2, 11]",8,0,26
"R[3, 11]",17,4,41
"R[4, 11]",54,23,95
"R[5, 11]",36,16,74
"R[1, 12]",0,0,0
"R[2, 12]",54,23,107
"R[3, 12]",11,2,29
"R[4, 12]",16,4,38
"R[5, 12]",64,33,119
"R[1, 13]",0,0,0
"R[2, 13]",103,50,196
"R[3, 13]",42,17,85
"R[4, 13]",7,0,22
"R[5, 13]",51,22,105
"R[1, 14]",0,0,0
"R[2, 14]",26,7,65
"R[3, 14]",65,28,126
"R[4, 14]",23,7,53
"R[5, 14]",30,8,73
"R[1, 15]",0,0,0
"R[2, 15]",20,3,55
"R[3, 15]",38,15,83
"R[4, 15]",80,33,149
"R[5, 15]",51,20,112
"R[1, 16]",0,0,0
"R[2, 16]",52,18,115
"R[3, 16]",16,3,41
"R[4, 16]",26,9,55
"R[5, 16]",79,44,139
"R[1, 17]",0,0,0
"R[2, 17]",31,10,72
"R[3, 17]",17,3,54
"R[4, 17]",6,0,21
"R[5, 17]",40,17,88
"R[1, 18]",0,0,0
"R[2, 18]",13,2,36
"R[3, 18]",22,5,53
"R[4, 18]",11,1,36
"R[5, 18]",26,9,69
"R[1, 19]",0,0,0
"R[2, 19]",14,0,53
"R[3, 19]",11,0,37
"R[4, 19]",15,0,47
"R[5, 19]",22,4,67
"R.tot[1]",0,0,0
"R.tot[2]",107,70,164
"R.tot[3]",89,57,144
"R.tot[4]",71,39,121
"R.tot[5]",115,70,183
"R.tot[6]",69,41,110
"R.tot[7]",76,44,121
"R.tot[8]",233,145,364
"R.tot[9]",310,192,481
"R.tot[10]",102,54,173
"R.tot[11]",118,70,194
"R.tot[12]",149,88,244
"R.tot[13]",208,124,340.125
"R.tot[14]",151,77,255
"R.tot[15]",197,109,312
"R.tot[16]",178,111.875,279
"R.tot[17]",99,54,182
"R.tot[18]",77,37,144.125
"R.tot[19]",67,18,160
"S[1, 1]",0.272807001255992,0.0963726742254692,0.576523419823318
"S[2, 1]",0.585986782405742,0.409063176547012,0.70543124060304
"S[3, 1]",0.564646854837156,0.383775152842929,0.696571614491339
"S[4, 1]",0.198960986105699,0.00721839930885676,0.535116714375459
"S[5, 1]",0.670703149736528,0.494287402006154,0.841869722440581
"S[1, 2]",0.248060175815139,0.124499519573443,0.45723751667179
"S[2, 2]",0.493244240008172,0.346709091967032,0.624258348765472
"S[3, 2]",0.462848047691621,0.314037464870732,0.606596555810223
"S[4, 2]",0.150278640171911,0.00366438184270935,0.444665916401065
"S[5, 2]",0.572658396237217,0.373589043332321,0.787258766311697
"S[1, 3]",0.324065263318536,0.154064676056685,0.54451313554018
"S[2, 3]",0.519530561694322,0.379982537082483,0.647199665731406
"S[3, 3]",0.487220660700621,0.325448465903884,0.633459303384394
"S[4, 3]",0.193872166361358,0.00643260741862342,0.490012959136532
"S[5, 3]",0.586996223306428,0.393242777605898,0.798008214842603
"S[1, 4]",0.332633368763161,0.140863607580864,0.58020426641815
"S[2, 4]",0.579820766550286,0.424037893096627,0.701430257184809
"S[3, 4]",0.556332538633458,0.403685138321566,0.689543816996387
"S[4, 4]",0.2286305879773,0.00863899909491468,0.544912328376501
"S[5, 4]",0.658034228899525,0.473973795610502,0.835923768780698
"S[1, 5]",0.169903950017931,0.0666969644487435,0.374050611811944
"S[2, 5]",0.513852853761108,0.339471279324588,0.662546022488962
"S[3, 5]",0.499726119759772,0.303397898705617,0.653280651653953
"S[4, 5]",0.121185511132558,0.00187295939070857,0.425629117357472
"S[5, 5]",0.625945449718812,0.433602227591918,0.817579414714349
"S[1, 6]",0.260469931172428,0.118833780984017,0.542315907190108
"S[2, 6]",0.586991110161527,0.408073275134214,0.726192078542627
"S[3, 6]",0.569900396304318,0.385036638158188,0.716299270542372
"S[4, 6]",0.195618626071824,0.00660757782322996,0.5326857929885
"S[5, 6]",0.680463877962349,0.489883606777843,0.852041517405406
"S[1, 7]",0.626042278098097,0.341698803115771,0.735280064035157
"S[2, 7]",0.565837105438088,0.431527472355159,0.684774645788627
"S[3, 7]",0.518316385055808,0.352190722198012,0.660602598579991
"S[4, 7]",0.3373037448847,0.0218457240524569,0.620938590458629
"S[5, 7]",0.593158997494952,0.395447357394487,0.800655508411817
"S[1, 8]",0.400644722834751,0.169948903389634,0.656548600201131
"S[2, 8]",0.619482311750296,0.473859648791155,0.727855083924628
"S[3, 8]",0.599887547917721,0.453806677769857,0.717454328488174
"S[4, 8]",0.282141543549944,0.0206601840016111,0.593673847301119
"S[5, 8]",0.691838800313848,0.507668552596943,0.85145220856455
"S[1, 9]",0.120505289558696,0.0466448041014293,0.279218822014916
"S[2, 9]",0.492687022102072,0.299135224558756,0.662107986272257
"S[3, 9]",0.490395603382463,0.274590369978777,0.660902566904065
"S[4, 9]",0.0905395748020409,0.00107821252823103,0.384431834105812
"S[5, 9]",0.633291934419843,0.432365798442475,0.819855095566354
"S[1, 10]",0.150872550499989,0.0368864328526411,0.378481724506558
"S[2, 10]",0.511626523376628,0.289981705530384,0.670264957497772
"S[3, 10]",0.502043407762617,0.308110715167802,0.653454168286866
"S[4, 10]",0.109641975642795,0.00153414248586615,0.418347768708249
"S[5, 10]",0.630104855778649,0.423022086587192,0.829177096916141
"S[1, 11]",0.387457122558105,0.178545166766554,0.643584500186216
"S[2, 11]",0.615478296795119,0.447139529358762,0.735077105602412
"S[3, 11]",0.592047288697435,0.420402754810798,0.721366458465414
"S[4, 11]",0.2761447306473,0.0169219172886124,0.589460074160741
"S[5, 11]",0.68325761991642,0.483806350763459,0.854588263254327
"S[1, 12]",0.403032987848915,0.204155130127936,0.667650450486855
"S[2, 12]",0.630276562307453,0.488211535064237,0.740833773187612
"S[3, 12]",0.604878446775037,0.443845957399945,0.733443307544328
"S[4, 12]",0.288621162067434,0.0193554572276374,0.610162783575173
"S[5, 12]",0.697082854475818,0.507103403326295,0.857639720636858
"S[1, 13]",0.240058380008213,0.10494948989482,0.521303600947279
"S[2, 13]",0.552570019188166,0.402612277965379,0.685822575226592
"S[3, 13]",0.531595012381557,0.347935399987232,0.683546950703992
"S[4, 13]",0.171646871253416,0.00455157548482702,0.492920210151875
"S[5, 13]",0.645126120351053,0.441736297534942,0.827723893476697
"S[1, 14]",0.183893288012869,0.0447269889482057,0.418803348518935
"S[2, 14]",0.577553294665599,0.356605211338627,0.735842794276034
"S[3, 14]",0.579155973563895,0.380887545327637,0.734195727431594
"S[4, 14]",0.145790352271418,0.00324607948935762,0.489046244923162
"S[5, 14]",0.705783146860222,0.504333588561371,0.861156620209605
"S[1, 15]",0.1696602818635,0.0316316655147703,0.419570302157845
"S[2, 15]",0.486967364210557,0.252954911286254,0.66983520959515
"S[3, 15]",0.481638188786882,0.272105012653239,0.66156842716224
"S[4, 15]",0.110989287848309,0.00101353602000942,0.440246669680608
"S[5, 15]",0.614233685621834,0.433843084381816,0.793578561406288
"S[1, 16]",0.210792601563738,0.0896575606076452,0.424336989146954
"S[2, 16]",0.378899657917978,0.194184700195935,0.577434110502839
"S[3, 16]",0.348313380281933,0.130803453283989,0.562823502104794
"S[4, 16]",0.095240231266533,0.000354067078861536,0.382518334750889
"S[5, 16]",0.459035309555033,0.261850648439713,0.69615586905767
"S[1, 17]",0.217694784247554,0.0693676406455109,0.494418709023798
"S[2, 17]",0.511954513769875,0.304079694171556,0.696773545841127
"S[3, 17]",0.494957617772349,0.251004256019561,0.684989086876701
"S[4, 17]",0.141435924005558,0.00166785692877455,0.480608073973307
"S[5, 17]",0.614063046149007,0.417096802794528,0.811000502997367
"S[1, 18]",0.245701190399188,0.0537821710760818,0.597033576923853
"S[2, 18]",0.535822208175489,0.244591807719335,0.730249733824218
"S[3, 18]",0.51375763605334,0.202321691641174,0.718158904748461
"S[4, 18]",0.160538278757706,0.00180467747725823,0.541728128066645
"S[5, 18]",0.626684829774242,0.372376380808029,0.834785942573901
"betaR.Psi",0.486147033547735,0.178041619245113,0.828805289249677
"betaR.immR",0.551001824519977,0.0810851708341308,1.11624438518539
"betaR.mO",-0.329186820505801,-0.912195004857762,-0.0282904989091129
"betaR.rho",0.0472436562936134,-0.00641706087276876,0.100752739834654
"betaRd.mO",-0.119258808475857,-0.561053738221573,-0.00485796831115124
"betaRxRd.mO",-0.252914201968996,-0.868848470169592,0.106351171231988
"immR[1]",0.178736401741522,0.0110528271793101,2.46717450478711
"immR[2]",0.169213234119504,0.0107586085083433,0.873135051193408
"immR[3]",0.168252818931113,0.0106588174226815,0.770331271033506
"immR[4]",1.64873842095861,0.393617122750077,4.85029719828539
"immR[5]",0.0919414486616321,0.00471294994714262,0.499709152533813
"immR[6]",0.112027468054919,0.00624062346139902,0.788908377987925
"immR[7]",1.42778815654332,0.384269890056863,3.74482092829814
"immR[8]",1.03441245651828,0.226102218791496,2.8249248498616
"immR[9]",0.0843516705695923,0.00500681014815902,0.42001154464315
"immR[10]",0.104700725178786,0.00640325417470706,0.576152171094504
"immR[11]",0.465219243446101,0.0477446255393151,2.08172762815704
"immR[12]",1.65062063018744,0.442130262702631,4.19213464490269
"immR[13]",0.202789310943826,0.0140345030070807,0.911581803839888
"immR[14]",0.0908049101035923,0.00535723171647785,0.469981299627047
"immR[15]",0.834014849781159,0.0888239844229349,4.85055249685511
"immR[16]",0.468526645616436,0.0444274102787602,2.51303446884339
"immR[17]",0.240410755444017,0.0155126254896259,1.50943592356195
"immR[18]",0.415529465136369,0.024256536482589,3.03564033985227
"immR[19]",0.421397279034815,0.0304888023904319,6.17716035654368
"initN[1]",53,24,127
"initN[2]",45,30,71
"initN[3]",52,35,85
"initN[4]",11,5,25
"initN[5]",29,16,58
"mH[1, 1]",0.262873937447712,0.175101680365348,0.382357680664392
"mH[2, 1]",0.37805652861317,0.260899429508587,0.530270425623827
"mH[3, 1]",0.444215866145549,0.286327624689302,0.663837057755848
"mH[4, 1]",0.680357588191193,0.306135034932344,2.26300535924604
"mH[5, 1]",0.361654463730896,0.145585734884774,0.665936693921074
"mH[1, 2]",0.380175101139197,0.259644589539929,0.548506237658567
"mH[2, 2]",0.547503833823771,0.37379159248427,0.783898048180331
"mH[3, 2]",0.644644191341914,0.40569151601508,0.985151113256323
"mH[4, 2]",0.984651850736048,0.445265251980868,3.30376027191563
"mH[5, 2]",0.521144481900912,0.212148008999184,0.950543207258014
"mH[1, 3]",0.367231926873361,0.249026513171539,0.532235922590953
"mH[2, 3]",0.529861263320683,0.352340225651856,0.772567648829932
"mH[3, 3]",0.622212578344985,0.380702052476916,0.996043971271851
"mH[4, 3]",0.951541968820395,0.419252314203414,3.27091803963479
"mH[5, 3]",0.504631728754308,0.201302662696296,0.911823460027318
"mH[1, 4]",0.284969968520891,0.189202879954668,0.42191502802208
"mH[2, 4]",0.410901808166861,0.271541358453992,0.596542125480088
"mH[3, 4]",0.481837562617906,0.298157359600006,0.758625242896969
"mH[4, 4]",0.736449683504807,0.324516944770894,2.52651558184485
"mH[5, 4]",0.388366260503356,0.154167145985544,0.720082883257457
"mH[1, 5]",0.303535012268587,0.207952710768591,0.449819697870616
"mH[2, 5]",0.438260518051002,0.298135747556612,0.633293731665188
"mH[3, 5]",0.514621328243975,0.323170041584805,0.810577330347501
"mH[4, 5]",0.786595150767809,0.347406798714958,2.71231223481856
"mH[5, 5]",0.416743176757517,0.167513748616465,0.778798027963
"mH[1, 6]",0.254805262106328,0.162797505957559,0.386401253534343
"mH[2, 6]",0.366440584784346,0.23566140042957,0.555992455904334
"mH[3, 6]",0.430193429192396,0.262579656833634,0.693627679195684
"mH[4, 6]",0.657351678903962,0.283623440957598,2.27904472706836
"mH[5, 6]",0.347618138764375,0.136394307084642,0.672198591958803
"mH[1, 7]",0.379316973954128,0.265404757154066,0.538749458430204
"mH[2, 7]",0.543680530981287,0.367435583015134,0.817750648753246
"mH[3, 7]",0.63884166035173,0.402222127317479,1.02997520739195
"mH[4, 7]",0.978369350693689,0.444355092043376,3.41940539585956
"mH[5, 7]",0.518464268785556,0.215172911120438,0.925326980977715
"mH[1, 8]",0.25522995421873,0.165955920880839,0.370626075819108
"mH[2, 8]",0.364783618402026,0.245895276725456,0.528293264537297
"mH[3, 8]",0.428030353412252,0.27351530974445,0.664415691731111
"mH[4, 8]",0.654758011246157,0.299778922066911,2.21557350821606
"mH[5, 8]",0.344329205113821,0.143314785714863,0.658201249113679
"mH[1, 9]",0.291434131031193,0.190945324190882,0.447100690567463
"mH[2, 9]",0.420128848759959,0.277121880257167,0.636130454764691
"mH[3, 9]",0.492680724233306,0.305883769932297,0.802494793317374
"mH[4, 9]",0.755852771782711,0.33221044532552,2.59929532670451
"mH[5, 9]",0.39700752997987,0.165825161593709,0.756566978367471
"mH[1, 10]",0.298789376176534,0.189277454336437,0.445950450951008
"mH[2, 10]",0.425135684714209,0.285494287090754,0.634810900310352
"mH[3, 10]",0.499234738327716,0.323042708476637,0.774209315925875
"mH[4, 10]",0.765059448603255,0.344796900551821,2.57073495412134
"mH[5, 10]",0.406306450488018,0.157171013213898,0.786918703025428
"mH[1, 11]",0.261875464135428,0.160861566281175,0.398640294499307
"mH[2, 11]",0.373110744167703,0.239386373154472,0.583409036999549
"mH[3, 11]",0.436183037713304,0.269455863573029,0.730036489999236
"mH[4, 11]",0.669420579851647,0.298666799392853,2.29575726433593
"mH[5, 11]",0.355921794956436,0.136524512284603,0.704781548844741
"mH[1, 12]",0.247867739345682,0.154751926664381,0.376015309851575
"mH[2, 12]",0.354557042806288,0.228247192198402,0.541899548652005
"mH[3, 12]",0.415976465141279,0.253031011305532,0.687380066374536
"mH[4, 12]",0.639544576084975,0.279158453258626,2.19849690999165
"mH[5, 12]",0.336869285923129,0.134246552147133,0.662505585717462
"mH[1, 13]",0.292490384173227,0.188048816093746,0.448044770152516
"mH[2, 13]",0.419903596064335,0.276493630571124,0.636598041448553
"mH[3, 13]",0.492662438928918,0.306786349097191,0.81616098260745
"mH[4, 13]",0.753387392332765,0.333958570455859,2.6576175289457
"mH[5, 13]",0.397804898267721,0.162649351544593,0.777422066756817
"mH[1, 14]",0.220751577828393,0.133706954774395,0.351083257525766
"mH[2, 14]",0.316493371412546,0.196194959360508,0.503015505536886
"mH[3, 14]",0.370008793262393,0.226960099938691,0.613376766107958
"mH[4, 14]",0.56897297699768,0.249790593404723,1.95562907011043
"mH[5, 14]",0.297508594954285,0.119864631233523,0.62225469459866
"mH[1, 15]",0.323559832970101,0.200751551552179,0.534564042131819
"mH[2, 15]",0.46267536044818,0.285982296287806,0.793119606451299
"mH[3, 15]",0.541421263889394,0.317674937333234,1.00801890809894
"mH[4, 15]",0.830286254999519,0.350622601370425,3.25591684401697
"mH[5, 15]",0.437273407906508,0.196949312776028,0.783305974634849
"mH[1, 16]",0.551490854050555,0.316363341441319,0.94977822286172
"mH[2, 16]",0.790469803924908,0.429211789865406,1.47538329632269
"mH[3, 16]",0.927608295323666,0.466922714451491,1.90957087336045
"mH[4, 16]",1.41590678220292,0.53142197621304,5.97568996675389
"mH[5, 16]",0.74312052426127,0.334411378692836,1.31591097414861
"mH[1, 17]",0.321444181940893,0.191875051464973,0.584176768927165
"mH[2, 17]",0.460418075693389,0.267449357707208,0.898418673388655
"mH[3, 17]",0.541646163938394,0.289904047516703,1.16175710754489
"mH[4, 17]",0.834613506336203,0.319241698214988,3.51003986387705
"mH[5, 17]",0.443716533384188,0.179143407852451,0.833934009350719
"mH[1, 18]",0.308840151209192,0.161135501673457,0.704760020940676
"mH[2, 18]",0.439213147557593,0.231338147478189,1.09821225421231
"mH[3, 18]",0.512733025917565,0.259928920486436,1.38318319074797
"mH[4, 18]",0.795981449821389,0.291331208531072,3.83344907915719
"mH[5, 18]",0.428581511362967,0.155601493783029,0.944405197085636
"mHs[1, 1]",0.0577947619153368,0.0173369872544274,0.234263745429266
"mHs[2, 1]",0.0358636704609724,0.0101970173897825,0.15358705458546
"mHs[3, 1]",0.0770186942142738,0.0201697229549635,0.306117458843762
"mHs[4, 1]",0.0828231395334846,0.0195288188374893,0.328891486617053
"mHs[5, 1]",0.033560687560432,0.00707564318881715,0.156888667792663
"mHs[1, 2]",0.0797331664570577,0.0419880144492588,0.152765451621938
"mHs[2, 2]",0.0490429625113065,0.0221835718815331,0.108573529505242
"mHs[3, 2]",0.10440775409835,0.0487675076284058,0.205973661572236
"mHs[4, 2]",0.11197252249269,0.0448392712721914,0.244727923412912
"mHs[5, 2]",0.046107575353394,0.013731851030748,0.125203646355912
"mHs[1, 3]",0.0623393360387133,0.0328008519565385,0.120220637997194
"mHs[2, 3]",0.0387595776384872,0.0174436047645117,0.0824608131354657
"mHs[3, 3]",0.0820258170122808,0.0354181919602104,0.172300102034303
"mHs[4, 3]",0.0875630227300371,0.0334129126127292,0.201039135289543
"mHs[5, 3]",0.0362272044704266,0.0106395702754853,0.0989411416479941
"mHs[1, 4]",0.0520291989131609,0.0239054105970437,0.102314419896393
"mHs[2, 4]",0.0322078376229094,0.0133159966644003,0.0685333457573927
"mHs[3, 4]",0.0682749802135377,0.027021744748947,0.144241079732687
"mHs[4, 4]",0.0728816962143437,0.0240984029222925,0.180703205012367
"mHs[5, 4]",0.0299558345820393,0.00824709657373063,0.0838868579966439
"mHs[1, 5]",0.0298062463412136,0.00852279081036669,0.0664707206157377
"mHs[2, 5]",0.0182527234201425,0.00498355565641918,0.0449933069877955
"mHs[3, 5]",0.0384523228008119,0.00960504129665177,0.100771672522969
"mHs[4, 5]",0.0401210958470648,0.0090298130012027,0.133092585690476
"mHs[5, 5]",0.0165040773476112,0.00339279860718162,0.055902259699049
"mHs[1, 6]",0.0663054525149603,0.0346435644928579,0.133568511067837
"mHs[2, 6]",0.0413321197675988,0.0185153221632664,0.0921181161106323
"mHs[3, 6]",0.0876853421849101,0.0395231668369356,0.180885760316482
"mHs[4, 6]",0.0940597395863932,0.0347804140289804,0.223194756389868
"mHs[5, 6]",0.0385876758966838,0.0113442725368914,0.108096381738616
"mHs[1, 7]",0.0563393927696303,0.0281354547281171,0.110988502128497
"mHs[2, 7]",0.0349554167561369,0.0150113736067162,0.0760501079907457
"mHs[3, 7]",0.0742424174961381,0.030347387897303,0.158355034351224
"mHs[4, 7]",0.0792072798333154,0.0280823585384831,0.189560857669974
"mHs[5, 7]",0.0324386722723947,0.009311735377322,0.0910198726089827
"mHs[1, 8]",0.0484095015340711,0.0245949036561411,0.0871115045321966
"mHs[2, 8]",0.0300265334100919,0.0134223789686103,0.0591395759466417
"mHs[3, 8]",0.0636694664025104,0.0260740991095092,0.131596233159889
"mHs[4, 8]",0.0677924847930971,0.0238784145959274,0.165664943330465
"mHs[5, 8]",0.0277700754620231,0.00823503288762663,0.0754749406621359
"mHs[1, 9]",0.0529388144315771,0.0289593317991058,0.0941430845486481
"mHs[2, 9]",0.0328443821435733,0.015631092389066,0.0626657461578456
"mHs[3, 9]",0.0692322841146753,0.031751234304324,0.136079457673329
"mHs[4, 9]",0.0739997974318101,0.0271562708268484,0.174053134491249
"mHs[5, 9]",0.0303178416499789,0.00947243344010796,0.080011023685873
"mHs[1, 10]",0.0550645628341593,0.0160172780707734,0.181008674654918
"mHs[2, 10]",0.0340480265601346,0.00933506691601865,0.116410701689063
"mHs[3, 10]",0.0733262254467114,0.0186370833335496,0.240329463435628
"mHs[4, 10]",0.0789815559508482,0.0179948972088691,0.259160608711334
"mHs[5, 10]",0.0318422136368349,0.00673628854141366,0.122224931339568
"mHs[1, 11]",0.0549584437299968,0.0159775316728222,0.167391557033919
"mHs[2, 11]",0.0340106402630234,0.00941590250435364,0.108478729235387
"mHs[3, 11]",0.0729068930879293,0.0188163098913025,0.224862354903696
"mHs[4, 11]",0.0783132042262182,0.0181519820718979,0.24710016104318
"mHs[5, 11]",0.031664343444549,0.00653297494362328,0.116228084900507
"mHs[1, 12]",0.0545766621279216,0.0159278675351146,0.172188954594384
"mHs[2, 12]",0.0338729817791688,0.00935767736733855,0.112252415197773
"mHs[3, 12]",0.0732606298455373,0.0185269792172844,0.226835661684285
"mHs[4, 12]",0.0781780128671454,0.0174062655528511,0.255187111475459
"mHs[5, 12]",0.0315544999408787,0.00658542969582657,0.120303892253055
"mHs[1, 13]",0.0543499422880031,0.0150669947917308,0.166166526371068
"mHs[2, 13]",0.0339162145613261,0.00917686020464843,0.104520511109259
"mHs[3, 13]",0.0724424399175266,0.0178553451038986,0.219460458877832
"mHs[4, 13]",0.0773709259726861,0.0164227492327384,0.25316430676455
"mHs[5, 13]",0.0312578915970567,0.00627100071583677,0.117496526361389
"mHs[1, 14]",0.0525808650897774,0.0147698385590366,0.145580365577795
"mHs[2, 14]",0.0325908387635223,0.00878469025643448,0.0946738788281393
"mHs[3, 14]",0.0697047511212442,0.0174246943332508,0.191023777731295
"mHs[4, 14]",0.0744069433549378,0.0160055343387138,0.230565025663419
"mHs[5, 14]",0.0301835084863312,0.00611487166359388,0.103364347802284
"mHs[1, 15]",0.0521002236706132,0.0145048306978104,0.137950841889102
"mHs[2, 15]",0.0321254533987181,0.0082917024325687,0.0902200403241675
"mHs[3, 15]",0.0686331192606839,0.0168155512033874,0.191709303142034
"mHs[4, 15]",0.0734555316586329,0.0162446619210454,0.21126837396993
"mHs[5, 15]",0.0297333120508615,0.00592699629367411,0.0995000431472047
"mHs[1, 16]",0.0539912868581351,0.0143835422234667,0.158975445524564
"mHs[2, 16]",0.0334267408174535,0.00849354862870378,0.104755864691235
"mHs[3, 16]",0.0716609772957762,0.0171395906226571,0.217453875806909
"mHs[4, 16]",0.0765738045860376,0.0162002788229227,0.237128120439529
"mHs[5, 16]",0.0308833375438352,0.00626823370389684,0.108200062957426
"mHs[1, 17]",0.0590518116897146,0.0188492561920408,0.258330923144677
"mHs[2, 17]",0.0366327407387465,0.0106901556785543,0.172800342178442
"mHs[3, 17]",0.0792458083347405,0.0212580609895131,0.341489460327725
"mHs[4, 17]",0.0858295114908526,0.0204323004843431,0.355822626480393
"mHs[5, 17]",0.0345890975444252,0.00734242184298197,0.176099078473417
"mHs[1, 18]",0.0589321430855843,0.0185097389109401,0.236908354199225
"mHs[2, 18]",0.0366598436813493,0.0105663865021826,0.15385231084321
"mHs[3, 18]",0.0785621646878367,0.0213380751070463,0.318515370288252
"mHs[4, 18]",0.0856566355314538,0.0205534531168705,0.334504966369633
"mHs[5, 18]",0.0343426782169188,0.00738847490458617,0.158595281716131
"mO[1, 1]",1.03121100112652,0.257748655229549,2.09484113589251
"mO[2, 1]",0.142424333870305,0.00864213761494454,0.526033541180284
"mO[3, 1]",0.0996699241719149,0.0038514165483502,0.508827765322718
"mO[4, 1]",0.883371304623655,0.16030125964763,3.21979462995661
"mO[5, 1]",0.021387290154872,0.000595229533427182,0.165503012457145
"mO[1, 2]",1.00494449149242,0.370839830006252,1.73698688938321
"mO[2, 2]",0.142726378168818,0.00900761715926338,0.457228131430548
"mO[3, 2]",0.100201774273392,0.00481493363839912,0.406269309546313
"mO[4, 2]",0.863293422009852,0.207301189445384,2.74145060361605
"mO[5, 2]",0.0214768398320461,0.000651517493426477,0.142888653692325
"mO[1, 3]",0.750388839972686,0.199184696083741,1.53783273171857
"mO[2, 3]",0.10557498771581,0.00585183486184138,0.395886940333722
"mO[3, 3]",0.0735368663012071,0.00317205663772105,0.332460649485755
"mO[4, 3]",0.631887408594105,0.141943427734063,2.15349195043162
"mO[5, 3]",0.0158559025885725,0.000484032078161876,0.110532015997059
"mO[1, 4]",0.807015150550312,0.212192115139562,1.72273632729272
"mO[2, 4]",0.114070760726325,0.00653305637171119,0.437399373438148
"mO[3, 4]",0.0805032181077569,0.00330125203239146,0.354388538868992
"mO[4, 4]",0.683853576284095,0.135094701430086,2.7250284498014
"mO[5, 4]",0.0173409671839092,0.000534057008204829,0.114078023395944
"mO[1, 5]",1.46363069665288,0.65205261588975,2.41427373670467
"mO[2, 5]",0.2112840232015,0.0148164307329611,0.646818023771372
"mO[3, 5]",0.148404045343322,0.00685028988280995,0.651881129515535
"mO[4, 5]",1.25337760208842,0.339362056910153,4.12654664695509
"mO[5, 5]",0.0321486503162961,0.000988238564801281,0.19503853360788
"mO[1, 6]",1.0867560841959,0.335550895790117,1.88070954396966
"mO[2, 6]",0.149902555752682,0.00933854549261455,0.512151732843407
"mO[3, 6]",0.105666814822888,0.00464316108373653,0.47118950710931
"mO[4, 6]",0.922313031328134,0.197550967939925,3.11929376962393
"mO[5, 6]",0.0228327391993512,0.000736605190269628,0.153093473593
"mO[1, 7]",0.0520183509217724,0.00014064181441189,0.749784832051237
"mO[2, 7]",0.00616897358944885,1.23490454903618e-05,0.147299187202976
"mO[3, 7]",0.00448496999295031,7.89242333818236e-06,0.112681766028088
"mO[4, 7]",0.0427912127188195,0.000130639397597303,0.831526974800112
"mO[5, 7]",0.000955286391920883,1.22087930120529e-06,0.0316794979485596
"mO[1, 8]",0.652652062140587,0.134952994844179,1.57070711479447
"mO[2, 8]",0.0912354727126131,0.00443875981530595,0.407561000626527
"mO[3, 8]",0.0641027725633128,0.002431698890516,0.296973788509672
"mO[4, 8]",0.563898530036856,0.0950468950762144,2.04390941508475
"mO[5, 8]",0.0138496681863376,0.000399920128987815,0.0912720891618176
"mO[1, 9]",1.81808088321663,0.960984905864297,2.77699831274011
"mO[2, 9]",0.267126746093649,0.0180939503613703,0.809268805316207
"mO[3, 9]",0.187366193832847,0.00905903261516317,0.819814308794789
"mO[4, 9]",1.57129465603642,0.451147079993422,5.00208180845181
"mO[5, 9]",0.0407411553213222,0.00136822949707647,0.228668388408939
"mO[1, 10]",1.58905897696111,0.649738114341909,2.99568342738295
"mO[2, 10]",0.22682933459726,0.0155052316340416,0.81020471485398
"mO[3, 10]",0.163173464161594,0.00800747258985413,0.636705829891453
"mO[4, 10]",1.38446365802394,0.360737930309035,4.51118187724163
"mO[5, 10]",0.0350454108904097,0.00113945025255068,0.213983189800588
"mO[1, 11]",0.678336367799813,0.160163369281619,1.50036633505259
"mO[2, 11]",0.0934486309965751,0.00507195276104389,0.394885034183977
"mO[3, 11]",0.0655877399796258,0.00284773787340843,0.308524548436261
"mO[4, 11]",0.579191465778192,0.104800494498571,2.12010955524057
"mO[5, 11]",0.0143715599407848,0.000433484246782473,0.0913916665888709
"mO[1, 12]",0.653244410090964,0.131754155243927,1.38300292357481
"mO[2, 12]",0.0881420372261928,0.00478267182498665,0.35226799301185
"mO[3, 12]",0.0619694568138982,0.00233749625444664,0.31231397009315
"mO[4, 12]",0.559453464987337,0.0842314397342795,2.03443442429764
"mO[5, 12]",0.0135132793542853,0.000386843273419388,0.09635880261738
"mO[1, 13]",1.12370102931786,0.347352282815781,1.97399280818906
"mO[2, 13]",0.155163749098385,0.0119014790792854,0.457199010957302
"mO[3, 13]",0.108824006563195,0.00476726372673573,0.49067084196803
"mO[4, 13]",0.947796376332567,0.208141404887528,3.20861816495955
"mO[5, 13]",0.0236648012746899,0.000722134712452479,0.158229611438761
"mO[1, 14]",1.46820596383223,0.638732583531591,2.8809599581721
"mO[2, 14]",0.214743152026851,0.0148164478407131,0.734672308362376
"mO[3, 14]",0.154454121009897,0.00778318621353472,0.547908627345815
"mO[4, 14]",1.30190872536464,0.328114811782916,4.35889810874888
"mO[5, 14]",0.0332913165797206,0.0010872636435409,0.198424303139519
"mO[1, 15]",1.42924293267334,0.495770286788052,3.19261519792774
"mO[2, 15]",0.203408856368021,0.0111180064790603,0.954540226155385
"mO[3, 15]",0.144719637997137,0.0073377143979213,0.66334400100649
"mO[4, 15]",1.23193724220434,0.299338542290936,4.72587725297833
"mO[5, 15]",0.03186236511677,0.00105759201344918,0.180887494804985
"mO[1, 16]",0.972678112528137,0.288770103963657,1.9398267756471
"mO[2, 16]",0.137306954752491,0.0079772268925327,0.5273516886928
"mO[3, 16]",0.0968118132994068,0.00433313319458458,0.416142944706018
"mO[4, 16]",0.831732300898208,0.18819174431495,2.71388059582633
"mO[5, 16]",0.021128078066212,0.000663667598411119,0.132424072863084
"mO[1, 17]",1.18683324678567,0.370727667549293,2.35172352275953
"mO[2, 17]",0.169346275310418,0.00946436188997537,0.615597057447013
"mO[3, 17]",0.115916012648862,0.00511069474536761,0.57142520837395
"mO[4, 17]",1.01148146907001,0.214214730507493,3.77838211850285
"mO[5, 17]",0.0251157278418991,0.00073331345578882,0.177537372437944
"mO[1, 18]",1.0652972234205,0.219854728098696,2.51611784568879
"mO[2, 18]",0.141742761468569,0.00836363442494908,0.640408306559826
"mO[3, 18]",0.10164018204561,0.00363307828487904,0.564825601997058
"mO[4, 18]",0.911549643512682,0.146748896564274,3.37472003674655
"mO[5, 18]",0.0219756267437281,0.000626336974756992,0.165070309588775
"octN[1, 1]",53,24,127
"octN[2, 1]",45,30,71
"octN[3, 1]",52,35,85
"octN[4, 1]",11,5,25
"octN[5, 1]",29,16,58
"octN[1, 2]",119,75,202.125
"octN[2, 2]",15,9,24
"octN[3, 2]",24,16,37
"octN[4, 2]",25,15,44
"octN[5, 2]",24,13,53
"octN[1, 3]",99,62,174
"octN[2, 3]",28,19,44
"octN[3, 3]",7,4,12
"octN[4, 3]",10,6,18
"octN[5, 3]",25,14,55
"octN[1, 4]",177,101,357
"octN[2, 4]",30,19,46
"octN[3, 4]",14,8,23
"octN[4, 4]",3,0,7
"octN[5, 4]",19,10,50
"octN[1, 5]",125,73,206
"octN[2, 5]",56,39,86
"octN[3, 5]",17,10,28
"octN[4, 5]",7,3,14
"octN[5, 5]",14,7,43
"octN[1, 6]",75,43,132
"octN[2, 6]",19,10,35.125
"octN[3, 6]",27,17,43
"octN[4, 6]",8,3,15
"octN[5, 6]",14,6,39
"octN[1, 7]",171,126,292
"octN[2, 7]",20,13,33
"octN[3, 7]",11,6,19
"octN[4, 7]",13,7,24
"octN[5, 7]",15,8,38
"octN[1, 8]",444,269,908
"octN[2, 8]",100,69,149
"octN[3, 8]",12,6,20
"octN[4, 8]",6,2,11
"octN[5, 8]",17,9,40
"octN[1, 9]",325,189,546
"octN[2, 9]",169,117,259
"octN[3, 9]",56,34,91
"octN[4, 9]",7,3,14
"octN[5, 9]",17,9,37
"octN[1, 10]",108,55,195
"octN[2, 10]",38,20,70
"octN[3, 10]",75,50,113
"octN[4, 10]",25,12,42
"octN[5, 10]",17,10,36
"octN[1, 11]",170,98,329
"octN[2, 11]",15,5,33
"octN[3, 11]",17,9,33
"octN[4, 11]",35,20,57
"octN[5, 11]",26,14,49
"octN[1, 12]",367,210.875,742
"octN[2, 12]",64,38,100
"octN[3, 12]",9,3,19
"octN[4, 12]",9,3,20
"octN[5, 12]",41,24,73
"octN[1, 13]",243,139,430.125
"octN[2, 13]",146,94,233
"octN[3, 13]",37,20,61
"octN[4, 13]",4,0,11
"octN[5, 13]",33,16,69
"octN[1, 14]",158,82,275
"octN[2, 14]",56,31,109
"octN[3, 14]",77,46,121
"octN[4, 14]",18,7,33
"octN[5, 14]",23,9,60
"octN[1, 15]",344,172,1123
"octN[2, 15]",26,8,55
"octN[3, 15]",30,16,54
"octN[4, 15]",43,22,73
"octN[5, 15]",30,14,64
"octN[1, 16]",255,149,565
"octN[2, 16]",52,24,98
"octN[3, 16]",11,3,26
"octN[4, 16]",14,6,27
"octN[5, 16]",46,29,82
"octN[1, 17]",119,63,258
"octN[2, 17]",51,27,92
"octN[3, 17]",16,6,42
"octN[4, 17]",3,1,12
"octN[5, 17]",26,13,62
"octN[1, 18]",109,50,293
"octN[2, 18]",24,9,54
"octN[3, 18]",22,7,48
"octN[4, 18]",7,2,23
"octN[5, 18]",18,8,51
"rho[1, 1]",0,0,0
"rho[2, 1]",4.35469992654499,3.39411131107207,5.38687751858828
"rho[3, 1]",4.673668212025,3.70028330821793,5.80591668898045
"rho[4, 1]",5.36557182481181,4.14065383222933,6.63539759374073
"rho[5, 1]",4.98251292369817,3.88693594465437,6.16581641085635
"rho[1, 2]",0,0,0
"rho[2, 2]",3.98750794203661,3.37485867442519,4.64259140065036
"rho[3, 2]",4.28436660691342,3.6581385447919,4.96413065991466
"rho[4, 2]",4.90354258995818,4.22251519548629,5.62724425357148
"rho[5, 2]",4.56374403868217,3.9290726217964,5.21758220863101
"rho[1, 3]",0,0,0
"rho[2, 3]",4.40427789937108,3.78264447788076,5.12985757808888
"rho[3, 3]",4.73129962079805,4.04253693385289,5.57315154295794
"rho[4, 3]",5.42398350292677,4.61929083329115,6.30475938302305
"rho[5, 3]",5.03774422495225,4.36505955252572,5.81771645974741
"rho[1, 4]",0,0,0
"rho[2, 4]",4.60246002151855,3.82641002757656,5.54613934185591
"rho[3, 4]",4.946059836766,4.13192622714768,6.00846540778869
"rho[4, 4]",5.68254746475121,4.66058530365988,6.84125608111827
"rho[5, 4]",5.26964188689414,4.40561243202432,6.33028708846433
"rho[1, 5]",0,0,0
"rho[2, 5]",4.73444974827972,4.13788422283768,5.4548598369975
"rho[3, 5]",5.0932419660377,4.37321507431509,5.96906330348939
"rho[4, 5]",5.83279036838794,4.96884096394313,6.84850115296371
"rho[5, 5]",5.42179238117619,4.67870449572413,6.30687963192201
"rho[1, 6]",0,0,0
"rho[2, 6]",3.92614636400793,3.14458199356935,4.73390938489038
"rho[3, 6]",4.21847237138788,3.44512697996723,5.01806077941632
"rho[4, 6]",4.83912895358872,3.86162894456091,5.7856084714706
"rho[5, 6]",4.49566636992457,3.62628013217824,5.35486474143195
"rho[1, 7]",0,0,0
"rho[2, 7]",4.64169501961742,3.89802722244905,5.71168285029105
"rho[3, 7]",4.99510553291231,4.16695796522631,6.19995011521719
"rho[4, 7]",5.71990864968855,4.82108546896747,6.97084323196131
"rho[5, 7]",5.31286776679674,4.50304332718757,6.49054654685955
"rho[1, 8]",0,0,0
"rho[2, 8]",5.47760638138831,4.6646436325628,6.39392335811818
"rho[3, 8]",5.89007009079705,4.86972945308884,7.1014775238902
"rho[4, 8]",6.73881516320617,5.50745950560142,8.16843088864273
"rho[5, 8]",6.25943881182068,5.20492654074755,7.53705238404694
"rho[1, 9]",0,0,0
"rho[2, 9]",4.69719557809992,4.1231000695367,5.29943296805374
"rho[3, 9]",5.05035812717968,4.36308438132585,5.80522928569429
"rho[4, 9]",5.78659698491462,4.87520278451055,6.75867715021907
"rho[5, 9]",5.37312590897187,4.62795085470527,6.19067883523017
"rho[1, 10]",0,0,0
"rho[2, 10]",3.9656040186436,3.12712609428817,4.74997250112858
"rho[3, 10]",4.25486954561413,3.3974978114459,5.08621441788989
"rho[4, 10]",4.88776381851961,3.83190971576393,5.83733781823761
"rho[5, 10]",4.53969920802664,3.62190764224247,5.36169008598932
"rho[1, 11]",0,0,0
"rho[2, 11]",4.32585039196705,3.55741295607072,5.28724192811209
"rho[3, 11]",4.64027545361886,3.86066246817101,5.69459115583747
"rho[4, 11]",5.32945739960293,4.39370136316024,6.42083385656476
"rho[5, 11]",4.94990136329117,4.10832233136143,5.98649101421496
"rho[1, 12]",0,0,0
"rho[2, 12]",4.40700973455291,3.55132835087412,5.19086741219542
"rho[3, 12]",4.72645687552547,3.83249720319194,5.64946622935087
"rho[4, 12]",5.42435105840536,4.28744727005237,6.48181611078885
"rho[5, 12]",5.03841812052677,4.09854226518662,5.92538047977169
"rho[1, 13]",0,0,0
"rho[2, 13]",4.40954159743563,3.68047171230672,5.18484662800637
"rho[3, 13]",4.73436090317448,3.95035806499017,5.63517873103028
"rho[4, 13]",5.43270092408231,4.41561878608217,6.50414034689746
"rho[5, 13]",5.0525065675157,4.1830019137631,5.97578542174563
"rho[1, 14]",0,0,0
"rho[2, 14]",4.09254902863569,3.21971300137221,4.96035501072477
"rho[3, 14]",4.39202582179229,3.49176102578062,5.34120306182596
"rho[4, 14]",5.04833402206681,3.8977208587537,6.14108093844735
"rho[5, 14]",4.6834475553548,3.68558260227496,5.6750587720728
"rho[1, 15]",0,0,0
"rho[2, 15]",5.08227630363745,4.11757195595175,6.55249582205074
"rho[3, 15]",5.47250090118288,4.37150497717447,7.1349731251524
"rho[4, 15]",6.25965132977247,5.1491366204274,7.87865709857256
"rho[5, 15]",5.81970879355496,4.73919822273201,7.46821509606147
"rho[1, 16]",0,0,0
"rho[2, 16]",4.65361285678039,3.87820781208554,5.600470786458
"rho[3, 16]",4.99809176749933,4.15789580493852,6.07082381050988
"rho[4, 16]",5.73637781047432,4.75706499346895,6.85489087927655
"rho[5, 16]",5.32784722508107,4.47495948488642,6.3353552762654
"rho[1, 17]",0,0,0
"rho[2, 17]",4.54707643380278,3.79361784555612,5.5667316883471
"rho[3, 17]",4.88864624505619,4.05735801750848,6.07156773574836
"rho[4, 17]",5.6081522876889,4.59956519974259,6.86757968288895
"rho[5, 17]",5.2075044688384,4.35136588696064,6.33218413129179
"rho[1, 18]",0,0,0
"rho[2, 18]",4.28369331182406,3.54354077435192,5.2119737991548
"rho[3, 18]",4.5998184088654,3.8125002141819,5.68413225942126
"rho[4, 18]",5.27901968204102,4.3630927464015,6.38828960299077
"rho[5, 18]",4.90328132896572,4.09945959197919,5.91536692535481
"rho[1, 19]",0,0,0
"rho[2, 19]",4.40966995200783,3.54330569360074,5.63028435321095
"rho[3, 19]",4.72836357624134,3.81712180800931,6.12360104491139
"rho[4, 19]",5.43313743991048,4.36104731882749,6.90421301859466
"rho[5, 19]",5.04090032211555,4.07582577814059,6.42531544070022
"sigma.Psi",0.476504829231832,0.137129435402789,0.958853098843622
"sigma.immR",1.12056559954429,0.348315500702571,2.40110288306345
"sigma.mH",0.285809054168283,0.134274951943123,0.533897812418454
"sigma.mHs",0.432522906171104,0.0514895369786006,1.19121775331262
"sigma.mO",0.435606585045039,0.0527451008692959,1.20311773494412
"sigma.rho",0.0989971993957456,0.0206725389610131,0.200789630431471
